{
    "iptm+ptm": {
        "model_1_multimer_v2_pred_0": 0.3335530696463338,
        "model_1_multimer_v2_pred_1": 0.3010882438166659,
        "model_1_multimer_v2_pred_2": 0.21576617177581098,
        "model_1_multimer_v2_pred_3": 0.301159778935599,
        "model_1_multimer_v2_pred_4": 0.3077012352947277,
        "model_2_multimer_v2_pred_0": 0.3306774540016309,
        "model_2_multimer_v2_pred_1": 0.36612128784533354,
        "model_2_multimer_v2_pred_2": 0.3993273529174748,
        "model_2_multimer_v2_pred_3": 0.3385423415057595,
        "model_2_multimer_v2_pred_4": 0.3626052566250578,
        "model_3_multimer_v2_pred_0": 0.16657995331149678,
        "model_3_multimer_v2_pred_1": 0.2505109345994186,
        "model_3_multimer_v2_pred_2": 0.21192412961069063,
        "model_3_multimer_v2_pred_3": 0.21787147426650585,
        "model_3_multimer_v2_pred_4": 0.21385579709450747,
        "model_4_multimer_v2_pred_0": 0.42681503610950206,
        "model_4_multimer_v2_pred_1": 0.45645378351826554,
        "model_4_multimer_v2_pred_2": 0.4390440758778348,
        "model_4_multimer_v2_pred_3": 0.14267255862749276,
        "model_4_multimer_v2_pred_4": 0.43706631391784334,
        "model_5_multimer_v2_pred_0": 0.2908581746443263,
        "model_5_multimer_v2_pred_1": 0.3341329520306424,
        "model_5_multimer_v2_pred_2": 0.32384435585817656,
        "model_5_multimer_v2_pred_3": 0.3323426793185631,
        "model_5_multimer_v2_pred_4": 0.29910230457303516
    },
    "order": [
        "model_4_multimer_v2_pred_1",
        "model_4_multimer_v2_pred_2",
        "model_4_multimer_v2_pred_4",
        "model_4_multimer_v2_pred_0",
        "model_2_multimer_v2_pred_2",
        "model_2_multimer_v2_pred_1",
        "model_2_multimer_v2_pred_4",
        "model_2_multimer_v2_pred_3",
        "model_5_multimer_v2_pred_1",
        "model_1_multimer_v2_pred_0",
        "model_5_multimer_v2_pred_3",
        "model_2_multimer_v2_pred_0",
        "model_5_multimer_v2_pred_2",
        "model_1_multimer_v2_pred_4",
        "model_1_multimer_v2_pred_3",
        "model_1_multimer_v2_pred_1",
        "model_5_multimer_v2_pred_4",
        "model_5_multimer_v2_pred_0",
        "model_3_multimer_v2_pred_1",
        "model_3_multimer_v2_pred_3",
        "model_1_multimer_v2_pred_2",
        "model_3_multimer_v2_pred_4",
        "model_3_multimer_v2_pred_2",
        "model_3_multimer_v2_pred_0",
        "model_4_multimer_v2_pred_3"
    ]
}