i,A_i,j,A_j,fn,cn,segment_i,segment_j,mad_score,probability,score,size,dist_intra,dist_multimer,dist,precision
197,L,322,Q,0,0.2898239999999999,A,A,8.232197112885324,0.9719928772505904,3.5468896147695093,0.9789103314411031,30.833776473999023,23.063621520996094,23.063621520996094,0.71712158808933
164,V,314,N,0,0.2622739999999999,A,A,7.478858762345919,0.9557623497228864,3.072933051273876,0.9666885673863664,38.269012451171875,29.492456436157227,29.492456436157227,0.711453744493392
219,N,317,V,0,0.235314,A,A,6.741653610602097,0.9270899925083232,2.5428247335802454,0.9450979700276934,37.43079376220703,30.653915405273438,30.653915405273438,0.6867704280155642
