i,A_i,j,A_j,fn,cn,segment_i,segment_j,probability,size,dist_intra,dist_multimer,dist,precision
195,K,218,A,0,1.0208549999999998,A_1,A_1,1.0,1.0,25.46772575378418,4.664312362670898,4.664312362670898,1.0
192,G,218,A,0,0.438914,A_1,A_1,1.0,1.0,20.954547882080078,2.759976625442505,2.759976625442505,0.8777777777777778
219,A,228,A,0,0.29284,A_1,A_1,0.9999999260678042,0.9999999445508532,8.21998405456543,2.9265003204345703,2.9265003204345703,0.9242424242424242
219,A,230,G,0,0.267515,A_1,A_1,0.9999974716518168,0.9999981037388627,12.633565902709961,2.4151947498321533,2.4151947498321533,0.8927038626609443
193,A,216,Q,0,0.2459179999999999,A_1,A_1,0.9999599622345978,0.9999699716759484,21.942995071411133,3.197340250015259,3.197340250015259,0.8851851851851852
192,G,219,A,0,0.237483,A_1,A_1,0.9998892764378504,0.9999169573283878,17.447301864624023,5.761772155761719,5.761772155761719,0.8838028169014085
219,A,227,V,0,0.222507,A_1,A_1,0.9993805708648756,0.9995354281486567,7.866664886474609,3.3829684257507324,3.3829684257507324,0.8485804416403786
193,A,215,K,0,0.21224,A_1,A_1,0.99810463473805,0.9985784760535374,25.835948944091797,2.761658191680908,2.761658191680908,0.8357771260997068
218,A,229,A,0,0.191388,A_1,A_1,0.9843481808109894,0.988261135608242,14.76196575164795,2.568002462387085,2.568002462387085,0.8204488778054863
193,A,218,A,0,0.178202,A_1,A_1,0.9477028827474484,0.9607771620605863,22.17798614501953,2.9672160148620605,2.9672160148620605,0.7879464285714286
