{
    "plddts": {
        "model_1_ptm_pred_0": 87.22866334661518,
        "model_2_ptm_pred_0": 87.82932523312294,
        "model_3_ptm_pred_0": 89.48270422424491,
        "model_4_ptm_pred_0": 88.40125814323095,
        "model_5_ptm_pred_0": 90.42493972668181
    },
    "order": [
        "model_5_ptm_pred_0",
        "model_3_ptm_pred_0",
        "model_4_ptm_pred_0",
        "model_2_ptm_pred_0",
        "model_1_ptm_pred_0"
    ]
}