i,A_i,j,A_j,fn,cn,segment_i,segment_j,probability,size,dist,precision
102,V,40,T,0,0.301009,A_1,B_1,1.0,1.0,2.4094185829162598,1.0
111,C,60,G,0,0.282739,A_1,B_1,1.0,1.0,2.876838445663452,1.0
108,I,83,L,0,0.234019,A_1,B_1,0.9999999999998138,0.9999999999998603,2.3104350566864014,1.0
113,A,21,A,0,0.19201,A_1,B_1,0.99999998842815,0.9999999913211125,3.986469268798828,1.0
155,L,82,L,0,0.186009,A_1,B_1,0.999999952923572,0.999999964692679,2.6616909503936768,1.0
104,L,10,F,0,0.164535,A_1,B_1,0.9999949621262254,0.999996221594669,16.771759033203125,0.8333333333333334
108,I,10,F,0,0.143721,A_1,B_1,0.999718821212612,0.999789115909459,14.765425682067871,0.7142857142857143
161,F,26,F,0,0.140159,A_1,B_1,0.9994669113871006,0.9996001835403254,3.6299710273742676,0.75
112,L,84,A,0,0.138337,A_1,B_1,0.99926453845936,0.99944840384452,2.183511972427368,0.7777777777777778
150,S,130,S,0,0.13565,A_1,B_1,0.9988256922461102,0.9991192691845826,20.583194732666016,0.7
108,I,11,V,0,0.128247,A_1,B_1,0.9959094367952523,0.9969320775964392,9.838218688964844,0.6363636363636364
21,I,109,I,0,0.125559,A_1,B_1,0.9936619284265168,0.9952464463198876,7.523022174835205,0.5833333333333334
108,I,84,A,0,0.125091,A_1,B_1,0.9931656770105494,0.994874257757912,3.0503876209259033,0.6153846153846154
104,L,83,L,0,0.123105,A_1,B_1,0.9906165430247303,0.9929624072685478,2.323920965194702,0.6428571428571429
134,I,8,I,0,0.123077,A_1,B_1,0.990574834517044,0.992931125887783,16.49688720703125,0.6
153,L,122,I,0,0.122212,A_1,B_1,0.9891959828642832,0.9918969871482124,19.665224075317383,0.5625
154,G,127,I,0,0.120731,A_1,B_1,0.9863805436596328,0.9897854077447246,21.052532196044922,0.5294117647058824
99,F,42,T,0,0.108876,A_1,B_1,0.922828708316338,0.9421215312372535,2.6037795543670654,0.5555555555555556
103,W,121,A,0,0.10754,A_1,B_1,0.9077508900753776,0.9308131675565332,15.559683799743652,0.5263157894736842
