i,A_i,j,A_j,fn,cn,segment_i,segment_j,probability,size,dist_intra,dist_multimer,dist,precision
171,E,195,E,0,0.08749,A_1,A_1,0.9599018176716354,0.9699263632537265,31.44053840637207,25.54068946838379,25.54068946838379,0.6862745098039216
