i,A_i,j,A_j,fn,cn,segment_i,segment_j,probability,size,dist_intra,dist_multimer,dist,precision
30,M,101,V,0,0.102989,B_1,B_1,0.9943475524714276,0.9957606643535707,10.135677337646484,9.770760536193848,9.770760536193848,0.8333333333333334
25,A,95,L,0,0.083209,B_1,B_1,0.9360427976472304,0.9520320982354228,10.702153205871582,7.053295612335205,7.053295612335205,0.3333333333333333
24,V,101,V,0,0.081691,B_1,B_1,0.9251726605205426,0.9438794953904069,20.5866641998291,5.88340950012207,5.88340950012207,0.3
14,G,110,G,0,0.079895,B_1,B_1,0.9104473116630596,0.9328354837472947,46.10432434082031,17.06900978088379,17.06900978088379,0.2727272727272727
