i,A_i,j,A_j,fn,cn,segment_i,segment_j,probability,size,dist_intra,dist_multimer,dist,precision
30,M,101,V,0,0.102989,B_1,B_1,0.9943475524714276,0.9957606643535707,10.32830810546875,10.259350776672363,10.259350776672363,0.8333333333333334
25,A,95,L,0,0.083209,B_1,B_1,0.9360427976472304,0.9520320982354228,10.232071876525879,6.149697303771973,6.149697303771973,0.3888888888888889
24,V,101,V,0,0.081691,B_1,B_1,0.9251726605205426,0.9438794953904069,19.929821014404297,4.972402095794678,4.972402095794678,0.4
14,G,110,G,0,0.079895,B_1,B_1,0.9104473116630596,0.9328354837472947,45.24228286743164,17.792905807495117,17.792905807495117,0.36363636363636365
