i,A_i,j,A_j,fn,cn,segment_i,segment_j,probability,size,dist_intra,dist_multimer,dist,precision
178,V,187,L,0,0.121099,A_1,A_1,0.9996462373534702,0.9997346780151026,8.92294692993164,2.4609384536743164,2.4609384536743164,1.0
32,Q,129,A,0,0.105193,A_1,A_1,0.9958551805359704,0.9968913854019779,72.74539184570312,70.70980072021484,70.70980072021484,0.9166666666666666
11,H,193,M,0,0.099492,A_1,A_1,0.9908966076766912,0.9931724557575183,8.704187393188477,2.7052080631256104,2.7052080631256104,0.8620689655172413
111,C,127,H,0,0.097165,A_1,A_1,0.9876340525735824,0.9907255394301868,13.705991744995117,9.267080307006836,9.267080307006836,0.84375
30,E,67,H,0,0.091508,A_1,A_1,0.9749124152654072,0.9811843114490554,11.654427528381348,4.15751838684082,4.15751838684082,0.8421052631578947
28,Q,60,I,0,0.090775,A_1,A_1,0.9726132721015648,0.9794599540761736,12.865281105041504,2.4982950687408447,2.4982950687408447,0.8095238095238095
10,R,196,N,0,0.089071,A_1,A_1,0.9665434056690234,0.9749075542517676,11.522842407226562,6.320581436157227,6.320581436157227,0.782608695652174
171,E,195,E,0,0.08749,A_1,A_1,0.9599018176716354,0.9699263632537265,32.47428894042969,6.151174068450928,6.151174068450928,0.7647058823529411
116,N,123,M,0,0.08709,A_1,A_1,0.9580524009032234,0.9685393006774176,6.200501918792725,2.8190135955810547,2.8190135955810547,0.7592592592592593
60,I,78,V,0,0.085773,A_1,A_1,0.9514411763887476,0.9635808822915607,10.323100090026855,3.7683568000793457,3.7683568000793457,0.7636363636363637
182,N,192,A,0,0.081981,A_1,A_1,0.9273571809834852,0.9455178857376139,11.028693199157715,9.796483039855957,9.796483039855957,0.7377049180327869
31,G,67,H,0,0.081282,A_1,A_1,0.9220023459875976,0.9415017594906981,11.957763671875,4.19442892074585,4.19442892074585,0.7419354838709677
53,N,170,N,0,0.079371,A_1,A_1,0.9057481064266282,0.9293110798199711,31.70699691772461,4.33723258972168,4.33723258972168,0.7424242424242424
8,R,82,E,0,0.079137,A_1,A_1,0.9035888400410448,0.9276916300307836,7.561234474182129,1.7491449117660522,1.7491449117660522,0.746268656716418
