i,A_i,j,A_j,fn,cn,segment_i,segment_j,probability,size,dist,precision
102,V,40,T,0,0.301009,A_1,B_1,1.0,1.0,2.2422356605529785,1.0
111,C,60,G,0,0.282739,A_1,B_1,1.0,1.0,2.5466599464416504,1.0
108,I,83,L,0,0.234019,A_1,B_1,0.9999999999998138,0.9999999999998603,2.230468273162842,1.0
113,A,21,A,0,0.19201,A_1,B_1,0.99999998842815,0.9999999913211125,8.483221054077148,0.75
155,L,82,L,0,0.186009,A_1,B_1,0.999999952923572,0.999999964692679,3.0878472328186035,0.8
104,L,10,F,0,0.164535,A_1,B_1,0.9999949621262254,0.999996221594669,2.1754043102264404,0.8333333333333334
108,I,10,F,0,0.143721,A_1,B_1,0.999718821212612,0.999789115909459,2.173103094100952,0.8571428571428571
161,F,26,F,0,0.140159,A_1,B_1,0.9994669113871006,0.9996001835403254,7.868829250335693,0.75
112,L,84,A,0,0.138337,A_1,B_1,0.99926453845936,0.99944840384452,2.0960867404937744,0.7777777777777778
150,S,130,S,0,0.13565,A_1,B_1,0.9988256922461102,0.9991192691845826,1.7327028512954712,0.8
108,I,11,V,0,0.128247,A_1,B_1,0.9959094367952523,0.9969320775964392,2.0620806217193604,0.8181818181818182
21,I,109,I,0,0.125559,A_1,B_1,0.9936619284265168,0.9952464463198876,7.760572910308838,0.75
108,I,84,A,0,0.125091,A_1,B_1,0.9931656770105494,0.994874257757912,2.794299364089966,0.7692307692307693
104,L,83,L,0,0.123105,A_1,B_1,0.9906165430247303,0.9929624072685478,2.442530393600464,0.7857142857142857
134,I,8,I,0,0.123077,A_1,B_1,0.990574834517044,0.992931125887783,2.190833568572998,0.8
153,L,122,I,0,0.122212,A_1,B_1,0.9891959828642832,0.9918969871482124,5.7298431396484375,0.75
154,G,127,I,0,0.120731,A_1,B_1,0.9863805436596328,0.9897854077447246,2.111646890640259,0.7647058823529411
99,F,42,T,0,0.108876,A_1,B_1,0.922828708316338,0.9421215312372535,2.4016847610473633,0.7777777777777778
103,W,121,A,0,0.10754,A_1,B_1,0.9077508900753776,0.9308131675565332,2.5637292861938477,0.7894736842105263
