i,A_i,j,A_j,fn,cn,segment_i,segment_j,probability,size,dist,precision
102,V,40,T,0,0.301009,A_1,B_1,1.0,1.0,29.83085060119629,0.0
111,C,60,G,0,0.282739,A_1,B_1,1.0,1.0,21.029922485351562,0.0
108,I,83,L,0,0.234019,A_1,B_1,0.9999999999998138,0.9999999999998603,21.165754318237305,0.0
113,A,21,A,0,0.19201,A_1,B_1,0.99999998842815,0.9999999913211125,7.381174564361572,0.0
155,L,82,L,0,0.186009,A_1,B_1,0.999999952923572,0.999999964692679,3.3591527938842773,0.2
104,L,10,F,0,0.164535,A_1,B_1,0.9999949621262254,0.999996221594669,2.549867630004883,0.3333333333333333
108,I,10,F,0,0.143721,A_1,B_1,0.999718821212612,0.999789115909459,2.184475898742676,0.42857142857142855
161,F,26,F,0,0.140159,A_1,B_1,0.9994669113871006,0.9996001835403254,12.009096145629883,0.375
112,L,84,A,0,0.138337,A_1,B_1,0.99926453845936,0.99944840384452,10.29542064666748,0.3333333333333333
150,S,130,S,0,0.13565,A_1,B_1,0.9988256922461102,0.9991192691845826,1.742075800895691,0.4
108,I,11,V,0,0.128247,A_1,B_1,0.9959094367952523,0.9969320775964392,2.067553997039795,0.45454545454545453
21,I,109,I,0,0.125559,A_1,B_1,0.9936619284265168,0.9952464463198876,7.344789028167725,0.4166666666666667
108,I,84,A,0,0.125091,A_1,B_1,0.9931656770105494,0.994874257757912,15.43896198272705,0.38461538461538464
104,L,83,L,0,0.123105,A_1,B_1,0.9906165430247303,0.9929624072685478,21.30886459350586,0.35714285714285715
134,I,8,I,0,0.123077,A_1,B_1,0.990574834517044,0.992931125887783,27.745603561401367,0.3333333333333333
153,L,122,I,0,0.122212,A_1,B_1,0.9891959828642832,0.9918969871482124,5.927329063415527,0.3125
154,G,127,I,0,0.120731,A_1,B_1,0.9863805436596328,0.9897854077447246,2.067958354949951,0.35294117647058826
99,F,42,T,0,0.108876,A_1,B_1,0.922828708316338,0.9421215312372535,31.570716857910156,0.3333333333333333
103,W,121,A,0,0.10754,A_1,B_1,0.9077508900753776,0.9308131675565332,2.5527305603027344,0.3684210526315789
