i,A_i,j,A_j,fn,cn,segment_i,segment_j,probability,size,dist_intra,dist_multimer,dist,precision
178,V,187,L,0,0.121099,A_1,A_1,0.9996462373534702,0.9997346780151026,9.811381340026855,2.3462023735046387,2.3462023735046387,1.0
32,Q,129,A,0,0.105193,A_1,A_1,0.9958551805359704,0.9968913854019779,73.23506164550781,71.02555847167969,71.02555847167969,0.9166666666666666
75,V,115,M,0,0.100968,A_1,A_1,0.9925376932326166,0.9944032699244625,57.614158630371094,57.53895950317383,57.53895950317383,0.8846153846153846
11,H,193,M,0,0.099492,A_1,A_1,0.9908966076766912,0.9931724557575183,10.616923332214355,2.6434006690979004,2.6434006690979004,0.8620689655172413
111,C,127,H,0,0.097165,A_1,A_1,0.9876340525735824,0.9907255394301868,13.038737297058105,8.799930572509766,8.799930572509766,0.84375
30,E,67,H,0,0.091508,A_1,A_1,0.9749124152654072,0.9811843114490554,12.997062683105469,2.644458770751953,2.644458770751953,0.8421052631578947
28,Q,60,I,0,0.090775,A_1,A_1,0.9726132721015648,0.9794599540761736,12.752229690551758,2.5678608417510986,2.5678608417510986,0.8095238095238095
10,R,196,N,0,0.089071,A_1,A_1,0.9665434056690234,0.9749075542517676,11.544637680053711,6.764522552490234,6.764522552490234,0.782608695652174
171,E,195,E,0,0.08749,A_1,A_1,0.9599018176716354,0.9699263632537265,31.773639678955078,6.64078950881958,6.64078950881958,0.7647058823529411
116,N,123,M,0,0.08709,A_1,A_1,0.9580524009032234,0.9685393006774176,6.7866926193237305,2.0014100074768066,2.0014100074768066,0.7592592592592593
60,I,78,V,0,0.085773,A_1,A_1,0.9514411763887476,0.9635808822915607,10.360682487487793,3.4876115322113037,3.4876115322113037,0.7636363636363637
182,N,192,A,0,0.081981,A_1,A_1,0.9273571809834852,0.9455178857376139,10.987982749938965,9.764930725097656,9.764930725097656,0.7377049180327869
31,G,67,H,0,0.081282,A_1,A_1,0.9220023459875976,0.9415017594906981,13.060200691223145,4.287877082824707,4.287877082824707,0.7419354838709677
53,N,170,N,0,0.079371,A_1,A_1,0.9057481064266282,0.9293110798199711,30.579181671142578,4.2163567543029785,4.2163567543029785,0.7424242424242424
8,R,82,E,0,0.079137,A_1,A_1,0.9035888400410448,0.9276916300307836,7.538863658905029,1.8496394157409668,1.8496394157409668,0.746268656716418
