i,A_i,j,A_j,fn,cn,segment_i,segment_j,probability,size,dist,precision
42,T,49,Y,0,0.319436,B_1,B_1,1.0,1.0,1.7735861539840698,1.0
40,T,49,Y,0,0.184907,B_1,B_1,0.9999999996427272,0.9999999997320455,2.560490608215332,1.0
23,F,57,A,0,0.123158,B_1,B_1,0.9997499423545976,0.9998124567659482,2.8127541542053223,1.0
102,L,119,L,0,0.120812,B_1,B_1,0.9996289011902256,0.9997216758926692,3.3750505447387695,1.0
33,I,53,V,0,0.114566,B_1,B_1,0.9989811846145794,0.9992358884609346,2.4613356590270996,1.0
30,M,101,V,0,0.102989,B_1,B_1,0.9943475524714276,0.9957606643535707,11.085930824279785,0.8333333333333334
21,A,57,A,0,0.10153,B_1,B_1,0.9930879434061716,0.9948159575546287,8.561502456665039,0.7142857142857143
31,G,64,T,0,0.100316,B_1,B_1,0.9918493214556516,0.9938869910917387,22.680707931518555,0.625
71,Y,124,I,0,0.094437,B_1,B_1,0.982489819465546,0.9868673645991595,32.468902587890625,0.5555555555555556
27,L,53,V,0,0.094052,B_1,B_1,0.9816270760324404,0.9862203070243303,2.359666347503662,0.6
83,L,111,L,0,0.093327,B_1,B_1,0.9798989705514928,0.9849242279136196,29.55817413330078,0.5454545454545454
39,L,93,A,0,0.092201,B_1,B_1,0.9769280805392008,0.9826960604044006,8.143919944763184,0.5
40,T,67,M,0,0.091121,B_1,B_1,0.9737206166498876,0.9802904624874157,29.076139450073242,0.46153846153846156
73,T,79,P,0,0.090748,B_1,B_1,0.9725251648934622,0.9793938736700967,6.410934925079346,0.42857142857142855
105,L,118,L,0,0.088373,B_1,B_1,0.963738559991487,0.9728039199936153,2.3964827060699463,0.4666666666666667
32,I,130,S,0,0.084619,B_1,B_1,0.9449457439620847,0.9587093079715636,15.241291046142578,0.4375
4,S,11,V,0,0.084111,B_1,B_1,0.9418647807216718,0.9563985855412538,6.642364501953125,0.4117647058823529
25,A,95,L,0,0.083209,B_1,B_1,0.9360427976472304,0.9520320982354228,9.008308410644531,0.3888888888888889
27,L,57,A,0,0.083062,B_1,B_1,0.9350500858125906,0.951287564359443,5.6893229484558105,0.3684210526315789
24,V,101,V,0,0.081691,B_1,B_1,0.9251726605205426,0.9438794953904069,21.43377113342285,0.35
26,F,32,I,0,0.081212,B_1,B_1,0.9214491389577376,0.9410868542183032,4.953751087188721,0.38095238095238093
14,G,110,G,0,0.079895,B_1,B_1,0.9104473116630596,0.9328354837472947,46.380863189697266,0.36363636363636365
26,F,36,L,0,0.079193,B_1,B_1,0.9041090310487278,0.9280817732865458,11.035235404968262,0.34782608695652173
