{
    "iptm+ptm": {
        "model_1_multimer_v2_pred_0": 0.8954133277759542,
        "model_1_multimer_v2_pred_1": 0.8866446086214625,
        "model_1_multimer_v2_pred_2": 0.8912570051415023,
        "model_2_multimer_v2_pred_0": 0.8572984527383438,
        "model_2_multimer_v2_pred_1": 0.8637667261007907,
        "model_2_multimer_v2_pred_2": 0.8604445910675232,
        "model_3_multimer_v2_pred_0": 0.8620004129545017,
        "model_3_multimer_v2_pred_1": 0.8642217027543271,
        "model_3_multimer_v2_pred_2": 0.7675735300840643,
        "model_4_multimer_v2_pred_0": 0.7834455640834025,
        "model_4_multimer_v2_pred_1": 0.8856362179309795,
        "model_4_multimer_v2_pred_2": 0.8835504343006433,
        "model_5_multimer_v2_pred_0": 0.7981736227451153,
        "model_5_multimer_v2_pred_1": 0.8880743089124279,
        "model_5_multimer_v2_pred_2": 0.7713618496752138
    },
    "order": [
        "model_1_multimer_v2_pred_0",
        "model_1_multimer_v2_pred_2",
        "model_5_multimer_v2_pred_1",
        "model_1_multimer_v2_pred_1",
        "model_4_multimer_v2_pred_1",
        "model_4_multimer_v2_pred_2",
        "model_3_multimer_v2_pred_1",
        "model_2_multimer_v2_pred_1",
        "model_3_multimer_v2_pred_0",
        "model_2_multimer_v2_pred_2",
        "model_2_multimer_v2_pred_0",
        "model_5_multimer_v2_pred_0",
        "model_4_multimer_v2_pred_0",
        "model_5_multimer_v2_pred_2",
        "model_3_multimer_v2_pred_2"
    ]
}