{
    "iptm+ptm": {
        "model_1_multimer_v2_pred_0": 0.9317785553619012,
        "model_1_multimer_v2_pred_1": 0.9312680322459619,
        "model_1_multimer_v2_pred_2": 0.9318008702781859,
        "model_1_multimer_v2_pred_3": 0.9313456235857092,
        "model_1_multimer_v2_pred_4": 0.9314130474357754,
        "model_2_multimer_v2_pred_0": 0.9324413647412356,
        "model_2_multimer_v2_pred_1": 0.9324842324941689,
        "model_2_multimer_v2_pred_2": 0.9318621876554978,
        "model_2_multimer_v2_pred_3": 0.9329628525705305,
        "model_2_multimer_v2_pred_4": 0.9327356943253412,
        "model_3_multimer_v2_pred_0": 0.9333416831050694,
        "model_3_multimer_v2_pred_1": 0.9323293401216377,
        "model_3_multimer_v2_pred_2": 0.932862484170576,
        "model_3_multimer_v2_pred_3": 0.9318821906508458,
        "model_3_multimer_v2_pred_4": 0.932743312076173,
        "model_4_multimer_v2_pred_0": 0.9338817509958854,
        "model_4_multimer_v2_pred_1": 0.9332237934346326,
        "model_4_multimer_v2_pred_2": 0.9327447095971713,
        "model_4_multimer_v2_pred_3": 0.9331652446237629,
        "model_4_multimer_v2_pred_4": 0.9337506680452501,
        "model_5_multimer_v2_pred_0": 0.9344790460916341,
        "model_5_multimer_v2_pred_1": 0.9345688385945766,
        "model_5_multimer_v2_pred_2": 0.9347427550601275,
        "model_5_multimer_v2_pred_3": 0.9340013101046319,
        "model_5_multimer_v2_pred_4": 0.9342066230626901
    },
    "order": [
        "model_5_multimer_v2_pred_2",
        "model_5_multimer_v2_pred_1",
        "model_5_multimer_v2_pred_0",
        "model_5_multimer_v2_pred_4",
        "model_5_multimer_v2_pred_3",
        "model_4_multimer_v2_pred_0",
        "model_4_multimer_v2_pred_4",
        "model_3_multimer_v2_pred_0",
        "model_4_multimer_v2_pred_1",
        "model_4_multimer_v2_pred_3",
        "model_2_multimer_v2_pred_3",
        "model_3_multimer_v2_pred_2",
        "model_4_multimer_v2_pred_2",
        "model_3_multimer_v2_pred_4",
        "model_2_multimer_v2_pred_4",
        "model_2_multimer_v2_pred_1",
        "model_2_multimer_v2_pred_0",
        "model_3_multimer_v2_pred_1",
        "model_3_multimer_v2_pred_3",
        "model_2_multimer_v2_pred_2",
        "model_1_multimer_v2_pred_2",
        "model_1_multimer_v2_pred_0",
        "model_1_multimer_v2_pred_4",
        "model_1_multimer_v2_pred_3",
        "model_1_multimer_v2_pred_1"
    ]
}