{
    "iptm+ptm": {
        "model_1_multimer_v2_pred_0": 0.7447474119867147,
        "model_1_multimer_v2_pred_1": 0.777083030913321,
        "model_1_multimer_v2_pred_2": 0.5330734193899451,
        "model_2_multimer_v2_pred_0": 0.6772173467931429,
        "model_2_multimer_v2_pred_1": 0.6902948832966417,
        "model_2_multimer_v2_pred_2": 0.6773333199678033,
        "model_3_multimer_v2_pred_0": 0.7456649702350462,
        "model_3_multimer_v2_pred_1": 0.7389164306887162,
        "model_3_multimer_v2_pred_2": 0.7359481629570773,
        "model_4_multimer_v2_pred_0": 0.6176581241176092,
        "model_4_multimer_v2_pred_1": 0.6343731100242909,
        "model_4_multimer_v2_pred_2": 0.4211665842284204,
        "model_5_multimer_v2_pred_0": 0.6112870298249848,
        "model_5_multimer_v2_pred_1": 0.6012790313092257,
        "model_5_multimer_v2_pred_2": 0.617541994887256
    },
    "order": [
        "model_1_multimer_v2_pred_1",
        "model_3_multimer_v2_pred_0",
        "model_1_multimer_v2_pred_0",
        "model_3_multimer_v2_pred_1",
        "model_3_multimer_v2_pred_2",
        "model_2_multimer_v2_pred_1",
        "model_2_multimer_v2_pred_2",
        "model_2_multimer_v2_pred_0",
        "model_4_multimer_v2_pred_1",
        "model_4_multimer_v2_pred_0",
        "model_5_multimer_v2_pred_2",
        "model_5_multimer_v2_pred_0",
        "model_5_multimer_v2_pred_1",
        "model_1_multimer_v2_pred_2",
        "model_4_multimer_v2_pred_2"
    ]
}