{
    "iptm+ptm": {
        "model_1_multimer_v2_pred_0": 0.44298037752988845,
        "model_1_multimer_v2_pred_1": 0.43685846682570906,
        "model_1_multimer_v2_pred_2": 0.43357112222942107,
        "model_1_multimer_v2_pred_3": 0.4401313542634257,
        "model_1_multimer_v2_pred_4": 0.43980322158863483,
        "model_2_multimer_v2_pred_0": 0.33195261405240095,
        "model_2_multimer_v2_pred_1": 0.4289664568084164,
        "model_2_multimer_v2_pred_2": 0.37583004060448116,
        "model_2_multimer_v2_pred_3": 0.33346049935600536,
        "model_2_multimer_v2_pred_4": 0.4633677798510622,
        "model_3_multimer_v2_pred_0": 0.3915421100472432,
        "model_3_multimer_v2_pred_1": 0.441269112509073,
        "model_3_multimer_v2_pred_2": 0.5511593486424887,
        "model_3_multimer_v2_pred_3": 0.536261485693656,
        "model_3_multimer_v2_pred_4": 0.4824605305909327,
        "model_4_multimer_v2_pred_0": 0.4419983556429493,
        "model_4_multimer_v2_pred_1": 0.4116690391322127,
        "model_4_multimer_v2_pred_2": 0.4138211549549675,
        "model_4_multimer_v2_pred_3": 0.506583343744256,
        "model_4_multimer_v2_pred_4": 0.47623213702055,
        "model_5_multimer_v2_pred_0": 0.37774379085700127,
        "model_5_multimer_v2_pred_1": 0.38591889811902336,
        "model_5_multimer_v2_pred_2": 0.3869161381893609,
        "model_5_multimer_v2_pred_3": 0.40489670302545794,
        "model_5_multimer_v2_pred_4": 0.3740705520848307
    },
    "order": [
        "model_3_multimer_v2_pred_2",
        "model_3_multimer_v2_pred_3",
        "model_4_multimer_v2_pred_3",
        "model_3_multimer_v2_pred_4",
        "model_4_multimer_v2_pred_4",
        "model_2_multimer_v2_pred_4",
        "model_1_multimer_v2_pred_0",
        "model_4_multimer_v2_pred_0",
        "model_3_multimer_v2_pred_1",
        "model_1_multimer_v2_pred_3",
        "model_1_multimer_v2_pred_4",
        "model_1_multimer_v2_pred_1",
        "model_1_multimer_v2_pred_2",
        "model_2_multimer_v2_pred_1",
        "model_4_multimer_v2_pred_2",
        "model_4_multimer_v2_pred_1",
        "model_5_multimer_v2_pred_3",
        "model_3_multimer_v2_pred_0",
        "model_5_multimer_v2_pred_2",
        "model_5_multimer_v2_pred_1",
        "model_5_multimer_v2_pred_0",
        "model_2_multimer_v2_pred_2",
        "model_5_multimer_v2_pred_4",
        "model_2_multimer_v2_pred_3",
        "model_2_multimer_v2_pred_0"
    ]
}