i,A_i,j,A_j,fn,cn,segment_i,segment_j,probability,size,dist_intra,dist_multimer,dist,precision
195,K,218,A,0,1.0208549999999998,A_1,A_1,1.0,1.0,25.760826110839844,4.676455020904541,4.676455020904541,0.8
192,G,218,A,0,0.438914,A_1,A_1,1.0,1.0,21.254098892211914,2.7616236209869385,2.7616236209869385,0.8888888888888888
219,A,228,A,0,0.29284,A_1,A_1,0.9999999260678042,0.9999999445508532,8.325601577758789,2.8093273639678955,2.8093273639678955,0.9141414141414141
219,A,230,G,0,0.267515,A_1,A_1,0.9999974716518168,0.9999981037388627,12.735296249389648,2.341197967529297,2.341197967529297,0.8841201716738197
193,A,216,Q,0,0.2459179999999999,A_1,A_1,0.9999599622345978,0.9999699716759484,22.067190170288086,3.2732224464416504,3.2732224464416504,0.8777777777777778
192,G,219,A,0,0.237483,A_1,A_1,0.9998892764378504,0.9999169573283878,17.567296981811523,5.741150856018066,5.741150856018066,0.8732394366197183
219,A,227,V,0,0.222507,A_1,A_1,0.9993805708648756,0.9995354281486567,7.899265766143799,3.4973466396331787,3.4973466396331787,0.8422712933753943
193,A,215,K,0,0.21224,A_1,A_1,0.99810463473805,0.9985784760535374,25.930919647216797,2.884060859680176,2.884060859680176,0.8299120234604106
218,A,229,A,0,0.191388,A_1,A_1,0.9843481808109894,0.988261135608242,14.995152473449707,2.575615882873535,2.575615882873535,0.8129675810473815
193,A,218,A,0,0.178202,A_1,A_1,0.9477028827474484,0.9607771620605863,22.467382431030273,2.924440383911133,2.924440383911133,0.78125
