i,A_i,j,A_j,fn,cn,segment_i,segment_j,probability,size,dist_intra,dist_multimer,dist,precision
195,K,218,A,0,1.0208549999999998,A_1,A_1,1.0,1.0,27.017906188964844,3.897597074508667,3.897597074508667,0.8
192,G,218,A,0,0.438914,A_1,A_1,1.0,1.0,22.363283157348633,2.232760429382324,2.232760429382324,0.8888888888888888
219,A,228,A,0,0.29284,A_1,A_1,0.9999999260678042,0.9999999445508532,10.10758113861084,5.067703723907471,5.067703723907471,0.9191919191919192
219,A,230,G,0,0.267515,A_1,A_1,0.9999974716518168,0.9999981037388627,13.834213256835938,2.4709932804107666,2.4709932804107666,0.8927038626609443
193,A,216,Q,0,0.2459179999999999,A_1,A_1,0.9999599622345978,0.9999699716759484,22.570594787597656,2.2801356315612793,2.2801356315612793,0.8925925925925926
192,G,219,A,0,0.237483,A_1,A_1,0.9998892764378504,0.9999169573283878,18.570039749145508,4.863770008087158,4.863770008087158,0.8908450704225352
219,A,227,V,0,0.222507,A_1,A_1,0.9993805708648756,0.9995354281486567,8.997468948364258,6.113644599914551,6.113644599914551,0.8548895899053628
193,A,215,K,0,0.21224,A_1,A_1,0.99810463473805,0.9985784760535374,26.91144371032715,2.187027931213379,2.187027931213379,0.841642228739003
218,A,229,A,0,0.191388,A_1,A_1,0.9843481808109894,0.988261135608242,16.426589965820312,2.681018590927124,2.681018590927124,0.8329177057356608
193,A,218,A,0,0.178202,A_1,A_1,0.9477028827474484,0.9607771620605863,23.99321746826172,3.1061882972717285,3.1061882972717285,0.8013392857142857
