{
    "iptm+ptm": {
        "model_1_multimer_v2_pred_0": 0.8253815154325304,
        "model_1_multimer_v2_pred_1": 0.8134918528754632,
        "model_1_multimer_v2_pred_2": 0.8062276648919444,
        "model_1_multimer_v2_pred_3": 0.8024400672559691,
        "model_1_multimer_v2_pred_4": 0.7167542236404003,
        "model_2_multimer_v2_pred_0": 0.768226873829525,
        "model_2_multimer_v2_pred_1": 0.784231704359599,
        "model_2_multimer_v2_pred_2": 0.7838362771662355,
        "model_2_multimer_v2_pred_3": 0.7471719030838363,
        "model_2_multimer_v2_pred_4": 0.7479166141912494,
        "model_3_multimer_v2_pred_0": 0.48106405637822486,
        "model_3_multimer_v2_pred_1": 0.5648332074010379,
        "model_3_multimer_v2_pred_2": 0.7086235825434869,
        "model_3_multimer_v2_pred_3": 0.7476474577544833,
        "model_3_multimer_v2_pred_4": 0.6914309473801413,
        "model_4_multimer_v2_pred_0": 0.7779839478990579,
        "model_4_multimer_v2_pred_1": 0.5715026331162895,
        "model_4_multimer_v2_pred_2": 0.6238630396126603,
        "model_4_multimer_v2_pred_3": 0.5505884762654493,
        "model_4_multimer_v2_pred_4": 0.753867769960625,
        "model_5_multimer_v2_pred_0": 0.7149982320795175,
        "model_5_multimer_v2_pred_1": 0.6818451723703023,
        "model_5_multimer_v2_pred_2": 0.6239375691832069,
        "model_5_multimer_v2_pred_3": 0.70028333959183,
        "model_5_multimer_v2_pred_4": 0.44119801275528664
    },
    "order": [
        "model_1_multimer_v2_pred_0",
        "model_1_multimer_v2_pred_1",
        "model_1_multimer_v2_pred_2",
        "model_1_multimer_v2_pred_3",
        "model_2_multimer_v2_pred_1",
        "model_2_multimer_v2_pred_2",
        "model_4_multimer_v2_pred_0",
        "model_2_multimer_v2_pred_0",
        "model_4_multimer_v2_pred_4",
        "model_2_multimer_v2_pred_4",
        "model_3_multimer_v2_pred_3",
        "model_2_multimer_v2_pred_3",
        "model_1_multimer_v2_pred_4",
        "model_5_multimer_v2_pred_0",
        "model_3_multimer_v2_pred_2",
        "model_5_multimer_v2_pred_3",
        "model_3_multimer_v2_pred_4",
        "model_5_multimer_v2_pred_1",
        "model_5_multimer_v2_pred_2",
        "model_4_multimer_v2_pred_2",
        "model_4_multimer_v2_pred_1",
        "model_3_multimer_v2_pred_1",
        "model_4_multimer_v2_pred_3",
        "model_3_multimer_v2_pred_0",
        "model_5_multimer_v2_pred_4"
    ]
}