{
    "iptm+ptm": {
        "model_1_multimer_v2_pred_0": 0.8444386734697478,
        "model_1_multimer_v2_pred_1": 0.8404440799731574,
        "model_1_multimer_v2_pred_2": 0.8369700942798604,
        "model_1_multimer_v2_pred_3": 0.8264836228674437,
        "model_1_multimer_v2_pred_4": 0.8388701281001307,
        "model_2_multimer_v2_pred_0": 0.7877792599267844,
        "model_2_multimer_v2_pred_1": 0.7899481228220635,
        "model_2_multimer_v2_pred_2": 0.803977301231699,
        "model_2_multimer_v2_pred_3": 0.8005382537286188,
        "model_2_multimer_v2_pred_4": 0.7956464532603147,
        "model_3_multimer_v2_pred_0": 0.7656371482127626,
        "model_3_multimer_v2_pred_1": 0.7641459523046172,
        "model_3_multimer_v2_pred_2": 0.7535872027240422,
        "model_3_multimer_v2_pred_3": 0.778578352357285,
        "model_3_multimer_v2_pred_4": 0.7544353473389491,
        "model_4_multimer_v2_pred_0": 0.7810425230984621,
        "model_4_multimer_v2_pred_1": 0.7806373172649801,
        "model_4_multimer_v2_pred_2": 0.7831974610947758,
        "model_4_multimer_v2_pred_3": 0.7853699574770202,
        "model_4_multimer_v2_pred_4": 0.7888503362407971,
        "model_5_multimer_v2_pred_0": 0.756452671247688,
        "model_5_multimer_v2_pred_1": 0.732877907084414,
        "model_5_multimer_v2_pred_2": 0.7578489894614383,
        "model_5_multimer_v2_pred_3": 0.7429394588565249,
        "model_5_multimer_v2_pred_4": 0.7563014223573796
    },
    "order": [
        "model_1_multimer_v2_pred_0",
        "model_1_multimer_v2_pred_1",
        "model_1_multimer_v2_pred_4",
        "model_1_multimer_v2_pred_2",
        "model_1_multimer_v2_pred_3",
        "model_2_multimer_v2_pred_2",
        "model_2_multimer_v2_pred_3",
        "model_2_multimer_v2_pred_4",
        "model_2_multimer_v2_pred_1",
        "model_4_multimer_v2_pred_4",
        "model_2_multimer_v2_pred_0",
        "model_4_multimer_v2_pred_3",
        "model_4_multimer_v2_pred_2",
        "model_4_multimer_v2_pred_0",
        "model_4_multimer_v2_pred_1",
        "model_3_multimer_v2_pred_3",
        "model_3_multimer_v2_pred_0",
        "model_3_multimer_v2_pred_1",
        "model_5_multimer_v2_pred_2",
        "model_5_multimer_v2_pred_0",
        "model_5_multimer_v2_pred_4",
        "model_3_multimer_v2_pred_4",
        "model_3_multimer_v2_pred_2",
        "model_5_multimer_v2_pred_3",
        "model_5_multimer_v2_pred_1"
    ]
}