i,A_i,j,A_j,fn,cn,segment_i,segment_j,probability,size,dist,precision
7,N,249,E,0,0.241121,A_1,B_1,1.0,1.0,9.476091384887695,0.0
83,Q,273,F,0,0.22479,A_1,B_1,1.0,1.0,2.4176688194274902,0.5
11,K,242,I,0,0.223595,A_1,B_1,1.0,1.0,5.784793853759766,0.3333333333333333
83,Q,271,Q,0,0.198213,A_1,B_1,0.9999999999995716,0.9999999999996787,5.101516246795654,0.25
15,Y,245,D,0,0.196973,A_1,B_1,0.9999999999993496,0.9999999999995122,1.6338770389556885,0.4
11,K,245,D,0,0.184721,A_1,B_1,0.999999999964724,0.9999999999735429,7.354490280151367,0.3333333333333333
16,Q,160,T,0,0.145569,A_1,B_1,0.999997481058282,0.9999981107937115,2.5370256900787354,0.42857142857142855
16,Q,200,D,0,0.134363,A_1,B_1,0.9999597063232476,0.9999697797424357,1.921443223953247,0.5
79,D,152,E,0,0.132991,A_1,B_1,0.9999441174349866,0.99995808807624,2.1914355754852295,0.5555555555555556
122,K,157,K,0,0.124959,A_1,B_1,0.9996402807189598,0.9997302105392198,12.939194679260254,0.5
15,Y,241,P,0,0.122992,A_1,B_1,0.999440042623172,0.999580031967379,2.0916178226470947,0.5454545454545454
17,P,238,V,0,0.11849,A_1,B_1,0.9984881654203294,0.998866124065247,2.2782037258148193,0.5833333333333334
9,K,195,I,0,0.107453,A_1,B_1,0.9846780288016712,0.9885085216012535,2.189523696899414,0.6153846153846154
19,P,159,D,0,0.105145,A_1,B_1,0.9757299740396348,0.981797480529726,4.645626544952393,0.6428571428571429
108,K,213,I,0,0.104956,A_1,B_1,0.9748099455225262,0.9811074591418947,36.43328857421875,0.6
82,G,153,Y,0,0.098662,A_1,B_1,0.9173565871232098,0.9380174403424073,5.027034759521484,0.5625
76,G,96,A,0,0.098642,A_1,B_1,0.9170601351289672,0.9377951013467254,30.853374481201172,0.5294117647058824
